0,1
1,0
1,1
0,2
2,0
1,2
2,1
2,2
0,3
3,0
1,3
3,1
2,3
3,2
0,4
4,0
1,4
4,1
3,3
2,4
4,2
0,5
3,4
4,3
5,0
1,5
5,1
2,5
5,2
4,4
3,5
5,3
0,6
6,0
1,6
6,1
2,6
6,2
4,5
5,4
3,6
6,3
0,7
7,0
1,7
5,5
7,1
4,6
6,4
2,7
7,2
3,7
7,3
5,6
6,5
0,8
8,0
1,8
4,7
7,4
8,1
2,8
8,2
6,6
3,8
8,3
5,7
7,5
4,8
8,4
0,9
9,0
1,9
9,1
2,9
6,7
7,6
9,2
5,8
8,5
3,9
9,3
4,9
9,4
7,7
0,10
6,8
8,6
10,0
1,10
10,1
2,10
10,2
5,9
9,5
3,10
10,3
7,8
8,7
4,10
10,4
6,9
9,6
0,11
11,0
1,11
11,1
2,11
5,10
10,5
11,2
8,8
3,11
7,9
9,7
11,3
6,10
10,6
4,11
11,4
0,12
12,0
1,12
8,9
9,8
12,1
5,11
11,5
2,12
12,2
7,10
10,7
3,12
12,3
6,11
11,6
4,12
12,4
9,9
8,10
10,8
0,13
5,12
12,5
13,0
1,13
7,11
11,7
13,1
2,13
13,2
3,13
13,3
6,12
12,6
9,10
10,9
4,13
8,11
11,8
13,4
7,12
12,7
5,13
13,5
0,14
14,0
1,14
14,1
2,14
10,10
14,2
9,11
11,9
3,14
6,13
13,6
14,3
8,12
12,8
4,14
14,4
7,13
13,7
5,14
10,11
11,10
14,5
0,15
9,12
12,9
15,0
1,15
15,1
2,15
15,2
6,14
14,6
8,13
13,8
3,15
15,3
4,15
15,4
11,11
10,12
12,10
7,14
14,7
5,15
9,13
13,9
15,5
0,16
16,0
1,16
16,1
2,16
8,14
14,8
16,2
6,15
15,6
3,16
11,12
12,11
16,3
10,13
13,10
4,16
16,4
7,15
15,7
9,14
14,9
5,16
16,5
12,12
0,17
8,15
15,8
17,0
1,17
11,13
13,11
17,1
6,16
16,6
2,17
17,2
10,14
14,10
3,17
17,3
4,17
7,16
16,7
17,4
9,15
15,9
12,13
13,12
5,17
17,5
11,14
14,11
8,16
16,8
0,18
18,0
1,18
6,17
10,15
15,10
17,6
18,1
2,18
18,2
3,18
18,3
9,16
16,9
7,17
13,13
17,7
4,18
12,14
14,12
18,4
11,15
15,11
5,18
18,5
8,17
17,8
10,16
16,10
6,18
18,6
0,19
19,0
1,19
19,1
2,19
13,14
14,13
19,2
12,15
15,12
3,19
9,17
17,9
19,3
7,18
18,7
4,19
11,16
16,11
19,4
5,19
19,5
8,18
18,8
10,17
17,10
14,14
13,15
15,13
6,19
19,6
0,20
12,16
16,12
20,0
1,20
20,1
2,20
20,2
9,18
18,9
3,20
20,3
7,19
11,17
17,11
19,7
4,20
20,4
14,15
15,14
10,18
18,10
5,20
8,19
13,16
16,13
19,8
20,5
12,17
17,12
6,20
20,6
0,21
21,0
1,21
9,19
19,9
21,1
2,21
11,18
18,11
21,2
7,20
20,7
3,21
15,15
21,3
14,16
16,14
4,21
21,4
13,17
17,13
10,19
19,10
8,20
20,8
5,21
21,5
12,18
18,12
6,21
21,6
9,20
15,16
16,15
20,9
11,19
19,11
0,22
22,0
1,22
14,17
17,14
22,1
2,22
22,2
7,21
21,7
3,22
13,18
18,13
22,3
4,22
10,20
20,10
22,4
8,21
12,19
19,12
21,8
5,22
22,5
16,16
15,17
17,15
6,22
14,18
18,14
22,6
11,20
20,11
9,21
21,9
0,23
23,0
1,23
13,19
19,13
23,1
2,23
7,22
22,7
23,2
3,23
23,3
10,21
21,10
12,20
20,12
4,23
16,17
17,16
23,4
8,22
22,8
15,18
18,15
5,23
23,5
14,19
19,14
11,21
21,11
6,23
9,22
22,9
23,6
13,20
20,13
0,24
24,0
1,24
24,1
7,23
17,17
23,7
2,24
16,18
18,16
24,2
10,22
22,10
3,24
12,21
21,12
24,3
15,19
19,15
4,24
24,4
8,23
23,8
14,20
20,14
5,24
24,5
11,22
22,11
9,23
13,21
21,13
23,9
6,24
24,6
17,18
18,17
16,19
19,16
0,25
7,24
15,20
20,15
24,7
25,0
1,25
25,1
12,22
22,12
2,25
10,23
23,10
25,2
3,25
25,3
14,21
21,14
8,24
24,8
4,25
25,4
18,18
5,25
11,23
17,19
19,17
23,11
25,5
13,22
22,13
16,20
20,16
9,24
24,9
6,25
25,6
15,21
21,15
12,23
23,12
7,25
25,7
0,26
10,24
24,10
26,0
1,26
26,1
2,26
14,22
22,14
26,2
3,26
18,19
19,18
26,3
8,25
17,20
20,17
25,8
4,26
26,4
11,24
16,21
21,16
24,11
13,23
23,13
5,26
26,5
9,25
25,9
15,22
22,15
6,26
26,6
12,24
24,12
19,19
18,20
20,18
7,26
10,25
14,23
23,14
25,10
26,7
0,27
27,0
1,27
17,21
21,17
27,1
2,27
27,2
3,27
27,3
8,26
16,22
22,16
26,8
4,27
13,24
24,13
27,4
11,25
25,11
5,27
15,23
23,15
27,5
9,26
26,9
19,20
20,19
6,27
18,21
21,18
27,6
12,25
25,12
14,24
24,14
17,22
22,17
10,26
26,10
7,27
27,7
0,28
28,0
1,28
16,23
23,16
28,1
2,28
28,2
3,28
8,27
27,8
28,3
13,25
25,13
11,26
26,11
4,28
20,20
28,4
15,24
24,15
19,21
21,19
18,22
22,18
5,28
28,5
9,27
27,9
17,23
23,17
6,28
12,26
26,12
28,6
14,25
25,14
10,27
27,10
16,24
24,16
7,28
28,7
0,29
20,21
21,20
29,0
1,29
29,1
2,29
13,26
19,22
22,19
26,13
29,2
8,28
28,8
3,29
11,27
15,25
25,15
27,11
29,3
18,23
23,18
4,29
29,4
9,28
17,24
24,17
28,9
5,29
29,5
14,26
26,14
12,27
27,12
6,29
29,6
16,25
25,16
21,21
10,28
20,22
22,20
28,10
7,29
19,23
23,19
29,7
13,27
27,13
0,30
18,24
24,18
30,0
1,30
15,26
26,15
30,1
2,30
30,2
8,29
11,28
28,11
29,8
3,30
30,3
17,25
25,17
4,30
30,4
9,29
29,9
5,30
14,27
21,22
22,21
27,14
30,5
12,28
28,12
20,23
23,20
16,26
26,16
6,30
30,6
19,24
24,19
10,29
29,10
7,30
18,25
25,18
30,7
13,28
28,13
15,27
27,15
0,31
31,0
1,31
11,29
29,11
31,1
8,30
30,8
2,31
17,26
26,17
31,2
22,22
3,31
21,23
23,21
31,3
20,24
24,20
4,31
31,4
14,28
28,14
9,30
30,9
12,29
16,27
27,16
29,12
5,31
19,25
25,19
31,5
6,31
31,6
10,30
18,26
26,18
30,10
15,28
28,15
7,31
13,29
29,13
31,7
22,23
23,22
21,24
24,21
17,27
27,17
11,30
30,11
0,32
32,0
1,32
8,31
20,25
25,20
31,8
32,1
2,32
32,2
3,32
32,3
14,29
19,26
26,19
29,14
4,32
16,28
28,16
32,4
9,31
31,9
12,30
30,12
5,32
32,5
18,27
27,18
23,23
6,32
22,24
24,22
32,6
10,31
31,10
15,29
21,25
25,21
29,15
13,30
30,13
7,32
17,28
28,17
32,7
20,26
26,20
11,31
31,11
8,32
32,8
0,33
33,0
1,33
19,27
27,19
33,1
2,33
33,2
14,30
30,14
16,29
29,16
3,33
33,3
4,33
9,32
12,31
23,24
24,23
31,12
32,9
33,4
18,28
28,18
22,25
25,22
5,33
33,5
21,26
26,21
10,32
32,10
6,33
15,30
30,15
33,6
20,27
27,20
13,31
17,29
29,17
31,13
7,33
33,7
11,32
19,28
28,19
32,11
24,24
8,33
33,8
23,25
25,23
0,34
16,30
30,16
34,0
1,34
14,31
31,14
34,1
2,34
22,26
26,22
34,2
3,34
18,29
29,18
34,3
12,32
32,12
9,33
21,27
27,21
33,9
4,34
34,4
5,34
34,5
20,28
28,20
15,31
31,15
10,33
17,30
30,17
33,10
6,34
34,6
13,32
32,13
24,25
25,24
19,29
29,19
7,34
23,26
26,23
34,7
11,33
33,11
22,27
27,22
16,31
31,16
8,34
14,32
32,14
34,8
18,30
30,18
0,35
21,28
28,21
35,0
1,35
35,1
2,35
35,2
12,33
33,12
3,35
35,3
9,34
34,9
4,35
20,29
29,20
35,4
15,32
32,15
5,35
17,31
25,25
31,17
35,5
24,26
26,24
10,34
34,10
13,33
23,27
27,23
33,13
6,35
19,30
30,19
35,6
22,28
28,22
7,35
35,7
11,34
34,11
16,32
32,16
21,29
29,21
14,33
18,31
31,18
33,14
8,35
35,8
0,36
36,0
1,36
36,1
2,36
12,34
20,30
30,20
34,12
36,2
25,26
26,25
3,36
24,27
27,24
36,3
9,35
35,9
4,36
36,4
17,32
23,28
28,23
32,17
15,33
33,15
5,36
36,5
19,31
31,19
10,35
13,34
22,29
29,22
34,13
35,10
6,36
36,6
21,30
30,21
7,36
16,33
33,16
36,7
11,35
35,11
18,32
32,18
14,34
26,26
34,14
25,27
27,25
8,36
24,28
28,24
36,8
20,31
31,20
0,37
12,35
35,12
37,0
1,37
23,29
29,23
37,1
2,37
37,2
9,36
36,9
3,37
17,33
33,17
37,3
15,34
34,15
22,30
30,22
4,37
19,32
32,19
37,4
5,37
13,35
35,13
37,5
10,36
36,10
21,31
31,21
6,37
26,27
27,26
37,6
25,28
28,25
16,34
34,16
18,33
33,18
11,36
24,29
29,24
36,11
7,37
37,7
14,35
35,14
20,32
32,20
23,30
30,23
8,37
37,8
12,36
36,12
0,38
38,0
1,38
17,34
22,31
31,22
34,17
38,1
2,38
38,2
9,37
15,35
19,33
33,19
35,15
37,9
3,38
38,3
27,27
4,38
26,28
28,26
38,4
13,36
21,32
32,21
36,13
25,29
29,25
5,38
10,37
37,10
38,5
24,30
30,24
6,38
18,34
34,18
38,6
16,35
35,16
20,33
33,20
11,37
23,31
31,23
37,11
14,36
36,14
7,38
38,7
8,38
22,32
32,22
38,8
12,37
27,28
28,27
37,12
17,35
35,17
19,34
26,29
29,26
34,19
0,39
15,36
36,15
39,0
1,39
39,1
2,39
9,38
25,30
30,25
38,9
39,2
3,39
21,33
33,21
39,3
4,39
24,31
31,24
39,4
13,37
37,13
10,38
38,10
5,39
39,5
18,35
35,18
16,36
36,16
23,32
32,23
20,34
34,20
6,39
39,6
11,38
14,37
37,14
38,11
28,28
7,39
27,29
29,27
39,7
22,33
33,22
26,30
30,26
8,39
17,36
36,17
39,8
19,35
25,31
31,25
35,19
12,38
38,12
15,37
37,15
21,34
34,21
0,40
24,32
32,24
40,0
1,40
40,1
9,39
39,9
2,40
40,2
3,40
40,3
13,38
38,13
4,40
40,4
23,33
33,23
18,36
36,18
10,39
39,10
5,40
16,37
20,35
28,29
29,28
35,20
37,16
40,5
27,30
30,27
6,40
40,6
26,31
31,26
14,38
22,34
34,22
38,14
11,39
39,11
7,40
25,32
32,25
40,7
19,36
36,19
17,37
37,17
8,40
40,8
12,39
24,33
33,24
39,12
21,35
35,21
15,38
38,15
0,41
9,40
40,9
41,0
1,41
29,29
41,1
28,30
30,28
2,41
23,34
34,23
41,2
3,41
13,39
27,31
31,27
39,13
41,3
18,37
37,18
20,36
36,20
4,41
41,4
10,40
16,38
26,32
32,26
38,16
40,10
5,41
41,5
22,35
35,22
25,33
33,25
6,41
14,39
39,14
41,6
11,40
40,11
7,41
19,37
37,19
41,7
24,34
34,24
17,38
38,17
21,36
36,21
29,30
30,29
12,40
40,12
8,41
28,31
31,28
41,8
15,39
39,15
27,32
32,27
23,35
35,23
9,41
41,9
0,42
42,0
1,42
26,33
33,26
42,1
2,42
18,38
38,18
42,2
13,40
20,37
37,20
40,13
3,42
42,3
16,39
39,16
4,42
22,36
36,22
42,4
10,41
25,34
34,25
41,10
5,42
42,5
14,40
40,14
6,42
30,30
42,6
24,35
35,24
11,41
29,31
31,29
41,11
19,38
38,19
28,32
32,28
17,39
21,37
37,21
39,17
7,42
42,7
27,33
33,27
12,41
15,40
23,36
36,23
40,15
41,12
8,42
42,8
26,34
34,26
20,38
38,20
9,42
18,39
39,18
42,9
0,43
43,0
1,43
13,41
25,35
35,25
41,13
43,1
2,43
22,37
37,22
43,2
16,40
40,16
3,43
43,3
30,31
31,30
10,42
42,10
4,43
29,32
32,29
43,4
24,36
36,24
28,33
33,28
5,43
43,5
14,41
41,14
19,39
39,19
6,43
11,42
21,38
27,34
34,27
38,21
42,11
43,6
17,40
40,17
7,43
23,37
37,23
43,7
26,35
35,26
15,41
41,15
12,42
42,12
8,43
43,8
20,39
25,36
36,25
39,20
31,31
18,40
30,32
32,30
40,18
22,38
38,22
9,43
29,33
33,29
43,9
13,42
42,13
0,44
44,0
1,44
16,41
41,16
44,1
2,44
28,34
34,28
44,2
3,44
24,37
37,24
44,3
10,43
43,10
4,44
44,4
27,35
35,27
14,42
42,14
5,44
19,40
40,19
44,5
21,39
39,21
11,43
17,41
41,17
43,11
6,44
26,36
36,26
44,6
23,38
38,23
7,44
31,32
32,31
44,7
15,42
30,33
33,30
42,15
12,43
43,12
25,37
37,25
29,34
34,29
8,44
20,40
40,20
44,8
18,41
22,39
39,22
41,18
28,35
35,28
9,44
44,9
13,43
43,13
16,42
24,38
38,24
42,16
0,45
27,36
36,27
45,0
1,45
45,1
2,45
45,2
3,45
45,3
10,44
44,10
4,45
21,40
40,21
45,4
19,41
41,19
14,43
26,37
37,26
43,14
32,32
5,45
23,39
31,33
33,31
39,23
45,5
17,42
42,17
30,34
34,30
11,44
44,11
6,45
45,6
29,35
35,29
25,38
38,25
7,45
15,43
43,15
45,7
12,44
28,36
36,28
44,12
20,41
41,20
22,40
40,22
18,42
42,18
8,45
45,8
24,39
39,24
27,37
37,27
13,44
16,43
43,16
44,13
9,45
45,9
32,33
33,32
0,46
46,0
1,46
31,34
34,31
46,1
2,46
26,38
38,26
46,2
21,41
41,21
3,46
10,45
19,42
30,35
35,30
42,19
45,10
46,3
23,40
40,23
4,46
14,44
44,14
46,4
29,36
36,29
17,43
43,17
5,46
46,5
11,45
25,39
39,25
45,11
6,46
46,6
28,37
37,28
15,44
44,15
20,42
42,20
7,46
22,41
41,22
46,7
12,45
45,12
18,43
27,38
38,27
43,18
24,40
40,24
33,33
8,46
32,34
34,32
46,8
31,35
35,31
16,44
44,16
13,45
45,13
30,36
36,30
9,46
26,39
39,26
46,9
21,42
42,21
0,47
47,0
1,47
19,43
23,41
29,37
37,29
41,23
43,19
47,1
2,47
47,2
10,46
46,10
3,47
47,3
14,45
45,14
4,47
17,44
25,40
40,25
44,17
47,4
28,38
38,28
5,47
47,5
11,46
46,11
6,47
33,34
34,33
47,6
22,42
42,22
20,43
32,35
35,32
43,20
15,45
27,39
39,27
45,15
24,41
31,36
36,31
41,24
7,47
47,7
12,46
18,44
44,18
46,12
30,37
37,30
8,47
47,8
26,40
40,26
16,45
45,16
13,46
29,38
38,29
46,13
9,47
21,43
43,21
47,9
23,42
42,23
19,44
44,19
0,48
48,0
1,48
28,39
39,28
48,1
25,41
41,25
2,48
48,2
10,47
47,10
14,46
34,34
46,14
3,48
48,3
17,45
33,35
35,33
45,17
4,48
32,36
36,32
48,4
5,48
27,40
40,27
48,5
11,47
31,37
37,31
47,11
22,43
43,22
20,44
44,20
6,48
24,42
42,24
48,6
15,46
46,15
30,38
38,30
18,45
45,18
7,48
12,47
47,12
48,7
26,41
41,26
29,39
39,29
8,48
48,8
16,46
46,16
21,44
44,21
13,47
23,43
43,23
47,13
34,35
35,34
28,40
40,28
9,48
33,36
36,33
48,9
19,45
45,19
25,42
42,25
32,37
37,32
0,49
49,0
1,49
49,1
10,48
48,10
2,49
14,47
17,46
31,38
38,31
46,17
47,14
49,2
3,49
27,41
41,27
49,3
4,49
49,4
22,44
44,22
30,39
39,30
11,48
20,45
24,43
43,24
45,20
48,11
5,49
49,5
15,47
47,15
6,49
49,6
18,46
26,42
42,26
46,18
29,40
40,29
12,48
48,12
7,49
35,35
49,7
34,36
36,34
33,37
37,33
8,49
16,47
23,44
28,41
41,28
44,23
47,16
49,8
21,45
45,21
32,38
38,32
13,48
48,13
25,43
43,25
19,46
46,19
9,49
31,39
39,31
49,9
27,42
42,27
17,47
47,17
0,50
14,48
30,40
40,30
48,14
50,0
1,50
10,49
49,10
50,1
2,50
50,2
3,50
22,45
45,22
50,3
24,44
44,24
4,50
20,46
46,20
50,4
35,36
36,35
11,49
29,41
41,29
49,11
5,50
26,43
34,37
37,34
43,26
50,5
15,48
48,15
18,47
33,38
38,33
47,18
6,50
50,6
12,49
32,39
39,32
49,12
28,42
42,28
7,50
50,7
23,45
45,23
21,46
46,21
16,48
48,16
25,44
31,40
40,31
44,25
8,50
50,8
13,49
19,47
47,19
49,13
27,43
43,27
9,50
30,41
41,30
50,9
36,36
17,48
48,17
35,37
37,35
14,49
49,14
10,50
22,46
34,38
38,34
46,22
50,10
0,51
24,45
45,24
51,0
1,51
51,1
2,51
29,42
42,29
51,2
20,47
47,20
3,51
33,39
39,33
51,3
26,44
44,26
4,51
51,4
11,50
50,11
32,40
40,32
5,51
15,49
49,15
51,5
18,48
48,18
28,43
43,28
6,51
51,6
31,41
41,31
12,50
50,12
23,46
46,23
7,51
21,47
25,45
45,25
47,21
51,7
16,49
49,16
30,42
42,30
8,51
19,48
27,44
36,37
37,36
44,27
48,19
51,8
13,50
35,38
38,35
50,13
34,39
39,34
9,51
51,9
33,40
40,33
17,49
29,43
43,29
49,17
24,46
46,24
22,47
47,22
14,50
50,14
10,51
26,45
45,26
51,10
0,52
20,48
48,20
52,0
1,52
32,41
41,32
52,1
2,52
52,2
3,52
52,3
4,52
28,44
44,28
52,4
11,51
51,11
15,50
18,49
31,42
42,31
49,18
50,15
5,52
52,5
23,47
37,37
47,23
6,52
36,38
38,36
52,6
25,46
46,25
12,51
21,48
48,21
51,12
35,39
39,35
30,43
43,30
7,52
52,7
27,45
45,27
16,50
34,40
40,34
50,16
19,49
49,19
8,52
52,8
13,51
33,41
41,33
51,13
29,44
44,29
9,52
24,47
47,24
52,9
22,48
32,42
42,32
48,22
17,50
50,17
26,46
46,26
14,51
51,14
20,49
49,20
10,52
52,10
0,53
28,45
45,28
53,0
1,53
31,43
43,31
53,1
2,53
37,38
38,37
53,2
36,39
39,36
3,53
53,3
18,50
50,18
4,53
11,52
35,40
40,35
52,11
53,4
15,51
51,15
23,48
48,23
5,53
25,47
47,25
53,5
30,44
44,30
34,41
41,34
21,49
49,21
6,53
27,46
46,27
53,6
12,52
52,12
33,42
42,33
16,51
51,16
7,53
53,7
19,50
50,19
29,45
45,29
8,53
13,52
32,43
43,32
52,13
53,8
24,48
48,24
22,49
26,47
47,26
49,22
38,38
9,53
17,51
37,39
39,37
51,17
53,9
36,40
40,36
31,44
44,31
14,52
20,50
28,46
46,28
50,20
52,14
35,41
41,35
10,53
53,10
0,54
54,0
1,54
54,1
2,54
34,42
42,34
54,2
3,54
18,51
30,45
45,30
51,18
54,3
15,52
25,48
48,25
52,15
11,53
23,49
49,23
53,11
4,54
54,4
27,47
33,43
43,33
47,27
5,54
21,50
50,21
54,5
6,54
54,6
12,53
53,12
29,46
46,29
16,52
32,44
44,32
52,16
19,51
51,19
7,54
38,39
39,38
54,7
37,40
40,37
24,49
36,41
41,36
49,24
13,53
53,13
8,54
26,48
48,26
54,8
22,50
50,22
31,45
45,31
35,42
42,35
17,52
28,47
47,28
52,17
9,54
54,9
20,51
51,20
14,53
34,43
43,34
53,14
10,54
30,46
46,30
54,10
0,55
33,44
44,33
55,0
1,55
25,49
49,25
55,1
18,52
52,18
2,55
23,50
50,23
55,2
27,48
48,27
3,55
15,53
53,15
55,3
11,54
54,11
4,55
55,4
21,51
39,39
51,21
38,40
40,38
32,45
45,32
5,55
29,47
37,41
41,37
47,29
55,5
12,54
36,42
42,36
54,12
6,55
55,6
16,53
19,52
52,19
53,16
7,55
35,43
43,35
55,7
24,50
50,24
26,49
31,46
46,31
49,26
13,54
22,51
51,22
54,13
28,48
48,28
8,55
55,8
34,44
44,34
17,53
53,17
20,52
52,20
9,55
55,9
30,47
47,30
14,54
54,14
33,45
45,33
39,40
40,39
10,55
25,50
38,41
41,38
50,25
55,10
23,51
27,49
49,27
51,23
18,53
37,42
42,37
53,18
0,56
56,0
1,56
56,1
2,56
32,46
46,32
56,2
15,54
54,15
3,56
21,52
29,48
36,43
43,36
48,29
52,21
56,3
11,55
55,11
4,56
56,4
5,56
35,44
44,35
56,5
12,55
55,12
19,53
31,47
47,31
53,19
6,56
16,54
54,16
56,6
26,50
50,26
24,51
51,24
34,45
45,34
7,56
28,49
49,28
56,7
22,52
52,22
13,55
55,13
8,56
40,40
56,8
39,41
41,39
30,48
48,30
17,54
33,46
46,33
54,17
38,42
42,38
20,53
53,20
9,56
56,9
37,43
43,37
14,55
55,14
25,51
51,25
27,50
50,27
36,44
44,36
23,52
32,47
47,32
52,23
10,56
56,10
18,54
54,18
29,49
49,29
0,57
57,0
1,57
15,55
21,53
35,45
45,35
53,21
55,15
57,1
2,57
57,2
11,56
56,11
3,57
57,3
4,57
31,48
48,31
57,4
34,46
46,34
5,57
57,5
19,54
26,51
51,26
54,19
12,56
24,52
52,24
56,12
16,55
40,41
41,40
55,16
28,50
50,28
6,57
39,42
42,39
57,6
22,53
38,43
43,38
53,22
7,57
33,47
47,33
57,7
30,49
49,30
13,56
37,44
44,37
56,13
8,57
57,8
17,55
55,17
20,54
54,20
36,45
45,36
32,48
48,32
25,52
52,25
9,57
27,51
51,27
57,9
14,56
56,14
23,53
53,23
29,50
35,46
46,35
50,29
10,57
18,55
55,18
57,10
21,54
54,21
15,56
56,15
31,49
41,41
49,31
0,58
40,42
42,40
58,0
1,58
34,47
47,34
58,1
2,58
58,2
11,57
39,43
43,39
57,11
3,58
58,3
4,58
26,52
38,44
44,38
52,26
58,4
24,53
28,51
51,28
53,24
19,55
55,19
5,58
58,5
16,56
56,16
12,57
33,48
48,33
57,12
37,45
45,37
6,58
22,54
30,50
50,30
54,22
58,6
36,46
46,36
7,58
58,7
13,57
57,13
17,56
20,55
32,49
49,32
55,20
56,17
8,58
58,8
27,52
52,27
25,53
35,47
47,35
53,25
29,51
51,29
9,58
14,57
23,54
41,42
42,41
54,23
57,14
58,9
40,43
43,40
39,44
44,39
18,56
34,48
48,34
56,18
31,50
50,31
10,58
58,10
21,55
55,21
38,45
45,38
15,57
57,15
0,59
59,0
1,59
59,1
2,59
11,58
26,53
37,46
46,37
53,26
58,11
59,2
28,52
52,28
3,59
33,49
49,33
59,3
24,54
54,24
4,59
19,56
56,19
59,4
30,51
51,30
16,57
36,47
47,36
57,16
5,59
59,5
12,58
58,12
22,55
55,22
6,59
59,6
32,50
50,32
42,42
35,48
48,35
7,59
41,43
43,41
59,7
13,58
58,13
20,56
40,44
44,40
56,20
17,57
27,53
53,27
57,17
25,54
54,25
8,59
29,52
52,29
59,8
39,45
45,39
23,55
55,23
34,49
49,34
14,58
38,46
46,38
58,14
9,59
31,51
51,31
59,9
18,57
57,18
21,56
56,21
37,47
47,37
10,59
59,10
15,58
33,50
50,33
58,15
26,54
54,26
28,53
53,28
0,60
36,48
48,36
60,0
1,60
24,55
55,24
60,1
11,59
59,11
2,60
30,52
52,30
60,2
3,60
60,3
19,57
57,19
42,43
43,42
4,60
60,4
41,44
44,41
16,58
22,56
56,22
58,16
5,60
12,59
32,51
40,45
45,40
51,32
59,12
60,5
35,49
49,35
6,60
60,6
39,46
46,39
27,54
54,27
7,60
20,57
57,20
60,7
13,59
25,55
29,53
53,29
55,25
59,13
17,58
38,47
47,38
58,17
34,50
50,34
8,60
60,8
23,56
31,52
52,31
56,23
37,48
48,37
14,59
59,14
9,60
60,9
18,58
58,18
21,57
33,51
51,33
57,21
36,49
49,36
43,43
10,60
28,54
42,44
44,42
54,28
60,10
26,55
55,26
15,59
41,45
45,41
59,15
30,53
53,30
24,56
56,24
40,46
46,40
0,61
11,60
60,11
61,0
1,61
61,1
2,61
19,58
35,50
50,35
58,19
61,2
32,52
52,32
3,61
39,47
47,39
61,3
22,57
57,22
4,61
16,59
59,16
61,4
12,60
60,12
5,61
61,5
38,48
48,38
27,55
55,27
6,61
29,54
34,51
51,34
54,29
61,6
25,56
56,25
20,58
58,20
13,60
60,13
7,61
17,59
31,53
37,49
49,37
53,31
59,17
61,7
23,57
57,23
8,61
43,44
44,43
61,8
42,45
45,42
33,52
52,33
14,60
36,50
50,36
60,14
41,46
46,41
9,61
61,9
18,59
21,58
58,21
59,18
28,55
40,47
47,40
55,28
26,56
56,26
30,54
54,30
10,61
61,10
15,60
24,57
39,48
48,39
57,24
60,15
35,51
51,35
32,53
53,32
11,61
19,59
59,19
61,11
0,62
62,0
1,62
38,49
49,38
62,1
2,62
22,58
58,22
62,2
3,62
62,3
16,60
60,16
4,62
34,52
52,34
62,4
12,61
27,56
56,27
61,12
29,55
55,29
5,62
37,50
50,37
62,5
44,44
25,57
43,45
45,43
57,25
31,54
54,31
6,62
42,46
46,42
62,6
20,59
59,20
17,60
60,17
13,61
41,47
47,41
61,13
7,62
23,58
58,23
62,7
36,51
51,36
33,53
53,33
40,48
48,40
8,62
62,8
14,61
61,14
28,56
56,28
21,59
39,49
49,39
59,21
18,60
60,18
9,62
26,57
30,55
55,30
57,26
62,9
35,52
52,35
24,58
32,54
54,32
58,24
10,62
38,50
50,38
62,10
15,61
61,15
19,60
44,45
45,44
60,19
11,62
22,59
34,53
43,46
46,43
53,34
59,22
62,11
0,63
63,0
1,63
37,51
51,37
63,1
2,63
42,47
47,42
63,2
16,61
29,56
56,29
61,16
3,63
27,57
57,27
63,3
4,63
41,48
48,41
63,4
31,55
55,31
12,62
62,12
25,58
58,25
5,63
63,5
20,60
36,52
52,36
60,20
40,49
49,40
6,63
33,54
54,33
63,6
17,61
23,59
59,23
61,17
13,62
62,13
7,63
63,7
39,50
50,39
8,63
28,57
57,28
63,8
35,53
53,35
30,56
56,30
14,62
26,58
58,26
62,14
21,60
60,21
18,61
38,51
51,38
61,18
32,55
55,32
9,63
45,45
63,9
44,46
46,44
24,59
59,24
43,47
47,43
42,48
48,42
10,63
15,62
62,15
63,10
34,54
54,34
37,52
52,37
19,61
41,49
49,41
61,19
22,60
60,22
11,63
29,57
57,29
63,11
27,58
58,27
0,64
64,0
1,64
31,56
56,31
64,1
2,64
16,62
40,50
50,40
62,16
64,2
3,64
36,53
53,36
64,3
25,59
59,25
4,64
64,4
12,63
63,12
33,55
55,33
5,64
20,61
61,20
64,5
39,51
51,39
23,60
60,23
6,64
64,6
17,62
62,17
13,63
63,13
35,54
45,46
46,45
54,35
7,64
44,47
47,44
64,7
28,58
38,52
52,38
58,28
30,57
57,30
43,48
48,43
26,59
59,26
8,64
32,56
56,32
64,8
21,61
61,21
14,63
42,49
49,42
63,14
18,62
62,18
24,60
60,24
9,64
64,9
37,53
53,37
34,55
41,50
50,41
55,34
15,63
63,15
10,64
64,10
40,51
51,40
19,62
22,61
29,58
58,29
61,22
62,19
27,59
31,57
57,31
59,27
36,54
54,36
11,64
64,11
0,65
16,63
25,60
33,56
39,52
52,39
56,33
60,25
63,16
65,0
1,65
65,1
2,65
65,2
46,46
3,65
45,47
47,45
65,3
12,64
44,48
48,44
64,12
4,65
65,4
20,62
62,20
5,65
23,61
35,55
43,49
49,43
55,35
61,23
65,5
38,53
53,38
17,63
63,17
6,65
65,6
30,58
42,50
50,42
58,30
13,64
28,59
59,28
64,13
32,57
57,32
7,65
65,7
26,60
60,26
41,51
51,41
21,62
37,54
54,37
62,21
8,65
65,8
14,64
34,56
56,34
64,14
18,63
63,18
24,61
61,24
40,52
52,40
9,65
65,9
15,64
36,55
55,36
64,15
29,59
59,29
10,65
31,58
46,47
47,46
58,31
65,10
22,62
62,22
27,60
45,48
48,45
60,27
19,63
39,53
53,39
63,19
44,49
49,44
33,57
57,33
11,65
25,61
61,25
65,11
43,50
50,43
16,64
64,16
0,66
66,0
1,66
66,1
2,66
38,54
54,38
66,2
35,56
56,35
3,66
42,51
51,42
66,3
12,65
20,63
63,20
65,12
4,66
66,4
23,62
62,23
5,66
30,59
59,30
66,5
28,60
60,28
17,64
41,52
52,41
64,17
32,58
58,32
6,66
66,6
13,65
37,55
55,37
65,13
26,61
61,26
7,66
34,57
57,34
66,7
40,53
53,40
21,63
63,21
47,47
8,66
18,64
24,62
46,48
48,46
62,24
64,18
66,8
14,65
65,14
45,49
49,45
36,56
56,36
44,50
50,44
9,66
39,54
54,39
66,9
29,60
60,29
31,59
59,31
15,65
27,61
43,51
51,43
61,27
65,15
22,63
33,58
58,33
63,22
10,66
66,10
19,64
64,19
42,52
52,42
25,62
38,55
55,38
62,25
35,57
57,35
11,66
66,11
16,65
65,16
0,67
67,0
1,67
41,53
53,41
67,1
2,67
67,2
20,64
64,20
3,67
23,63
63,23
67,3
12,66
30,60
60,30
66,12
4,67
28,61
32,59
37,56
56,37
59,32
61,28
67,4
47,48
48,47
5,67
17,65
65,17
67,5
40,54
54,40
46,49
49,46
26,62
34,58
58,34
62,26
6,67
13,66
45,50
50,45
66,13
67,6
21,64
44,51
51,44
64,21
7,67
67,7
24,63
36,57
57,36
63,24
39,55
55,39
18,65
65,18
14,66
66,14
8,67
43,52
52,43
67,8
31,60
60,31
29,61
61,29
9,67
33,59
59,33
67,9
27,62
42,53
53,42
62,27
22,64
38,56
56,38
64,22
15,66
66,15
19,65
65,19
10,67
35,58
58,35
67,10
25,63
63,25
41,54
54,41
48,48
11,67
47,49
49,47
67,11
16,66
66,16
46,50
50,46
37,57
57,37
30,61
61,30
0,68
32,60
60,32
68,0
1,68
20,65
23,64
40,55
55,40
64,23
65,20
68,1
45,51
51,45
2,68
28,62
62,28
68,2
3,68
12,67
67,12
68,3
34,59
59,34
4,68
44,52
52,44
68,4
17,66
26,63
63,26
66,17
5,68
68,5
39,56
56,39
13,67
43,53
53,43
67,13
6,68
36,58
58,36
68,6
21,65
65,21
24,64
64,24
7,68
68,7
18,66
42,54
54,42
66,18
31,61
61,31
14,67
29,62
62,29
67,14
8,68
68,8
33,60
60,33
38,57
57,38
27,63
63,27
9,68
48,49
49,48
68,9
35,59
41,55
55,41
59,35
22,65
47,50
50,47
65,22
15,67
67,15
19,66
46,51
51,46
66,19
25,64
64,25
10,68
68,10
45,52
52,45
37,58
58,37
40,56
56,40
30,62
62,30
11,68
16,67
32,61
44,53
53,44
61,32
67,16
68,11
28,63
63,28
23,65
65,23
20,66
34,60
60,34
66,20
0,69
69,0
1,69
69,1
2,69
43,54
54,43
69,2
12,68
68,12
3,69
39,57
57,39
69,3
26,64
64,26
4,69
36,59
59,36
69,4
17,67
67,17
5,69
69,5
42,55
55,42
13,68
68,13
6,69
21,66
66,21
69,6
24,65
65,24
49,49
48,50
50,48
31,62
62,31
38,58
58,38
7,69
29,63
33,61
47,51
51,47
61,33
63,29
69,7
18,67
67,18
41,56
56,41
14,68
46,52
52,46
68,14
8,69
27,64
35,60
60,35
64,27
69,8
45,53
53,45
22,66
66,22
9,69
69,9
15,68
40,57
57,40
68,15
19,67
25,65
37,59
59,37
65,25
67,19
44,54
54,44
10,69
69,10
32,62
62,32
30,63
63,30
43,55
55,43
34,61
61,34
16,68
28,64
64,28
68,16
11,69
69,11
23,66
39,58
58,39
66,23
20,67
67,20
36,60
60,36
0,70
42,56
56,42
70,0
1,70
26,65
49,50
50,49
65,26
70,1
2,70
70,2
12,69
48,51
51,48
69,12
3,70
70,3
17,68
47,52
52,47
68,17
4,70
70,4
5,70
38,59
46,53
53,46
59,38
70,5
13,69
21,67
31,63
41,57
57,41
63,31
67,21
69,13
24,66
66,24
33,62
62,33
6,70
70,6
29,64
64,29
45,54
54,45
35,61
61,35
18,68
68,18
7,70
70,7
27,65
65,27
14,69
69,14
44,55
55,44
8,70
40,58
58,40
70,8
37,60
60,37
22,67
67,22
9,70
25,66
66,25
70,9
19,68
43,56
56,43
68,19
15,69
69,15
32,63
63,32
30,64
64,30
10,70
34,62
50,50
62,34
70,10
39,59
49,51
51,49
59,39
48,52
52,48
28,65
65,28
42,57
57,42
16,69
36,61
61,36
69,16
23,67
47,53
53,47
67,23
11,70
70,11
20,68
68,20
26,66
46,54
54,46
66,26
0,71
71,0
1,71
71,1
12,70
38,60
60,38
70,12
2,71
41,58
58,41
71,2
3,71
17,69
45,55
55,45
69,17
71,3
4,71
31,64
64,31
71,4
33,63
63,33
21,68
24,67
67,24
68,21
5,71
29,65
65,29
71,5
13,70
35,62
62,35
70,13
44,56
56,44
6,71
71,6
40,59
59,40
18,69
27,66
66,27
69,18
7,71
37,61
61,37
71,7
14,70
70,14
43,57
57,43
50,51
51,50
8,71
49,52
52,49
71,8
22,68
68,22
48,53
53,48
25,67
67,25
32,64
64,32
39,60
60,39
9,71
19,69
69,19
71,9
15,70
30,65
34,63
47,54
54,47
63,34
65,30
70,15
42,58
58,42
28,66
36,62
62,36
66,28
10,71
46,55
55,46
71,10
23,68
68,23
16,70
70,16
20,69
45,56
56,45
69,20
11,71
41,59
59,41
71,11
26,67
38,61
61,38
67,26
0,72
72,0
1,72
12,71
33,64
44,57
57,44
64,33
71,12
72,1
31,65
65,31
2,72
72,2
17,70
70,17
3,72
72,3
35,63
63,35
29,66
66,29
4,72
24,68
40,60
60,40
68,24
72,4
21,69
51,51
69,21
50,52
52,50
5,72
72,5
13,71
49,53
53,49
71,13
37,62
43,58
58,43
62,37
27,67
67,27
6,72
48,54
54,48
72,6
18,70
70,18
7,72
72,7
47,55
55,47
14,71
71,14
39,61
61,39
22,69
42,59
59,42
69,22
8,72
72,8
25,68
32,65
65,32
68,25
34,64
46,56
56,46
64,34
30,66
66,30
19,70
70,19
9,72
36,63
63,36
72,9
15,71
71,15
28,67
67,28
45,57
57,45
41,60
60,41
10,72
72,10
38,62
62,38
23,69
69,23
16,71
71,16
20,70
26,68
44,58
58,44
68,26
70,20
11,72
51,52
52,51
72,11
50,53
53,50
33,65
65,33
31,66
49,54
54,49
66,31
35,64
40,61
61,40
64,35
12,72
72,12
0,73
48,55
55,48
73,0
1,73
17,71
29,67
43,59
59,43
67,29
71,17
73,1
2,73
73,2
24,69
69,24
3,73
37,63
63,37
73,3
21,70
70,21
4,73
47,56
56,47
73,4
13,72
27,68
68,27
72,13
5,73
73,5
42,60
60,42
6,73
18,71
39,62
46,57
57,46
62,39
71,18
73,6
7,73
73,7
14,72
32,66
66,32
72,14
34,65
65,34
22,70
70,22
25,69
69,25
30,67
45,58
58,45
67,30
36,64
64,36
8,73
73,8
19,71
41,61
61,41
71,19
28,68
52,52
68,28
15,72
72,15
9,73
51,53
53,51
73,9
38,63
63,38
50,54
54,50
44,59
59,44
49,55
55,49
10,73
23,70
70,23
73,10
26,69
69,26
16,72
48,56
56,48
72,16
20,71
71,20
40,62
62,40
33,66
66,33
43,60
60,43
11,73
31,67
35,65
65,35
67,31
73,11
47,57
57,47
29,68
37,64
64,37
68,29
12,73
17,72
72,17
73,12
0,74
24,70
70,24
74,0
1,74
74,1
2,74
46,58
58,46
74,2
21,71
71,21
3,74
42,61
61,42
74,3
27,69
39,63
63,39
69,27
4,74
74,4
13,73
73,13
5,74
74,5
45,59
59,45
18,72
72,18
6,74
34,66
66,34
74,6
32,67
52,53
53,52
67,32
51,54
54,51
36,65
65,36
30,68
68,30
7,74
14,73
22,71
25,70
41,62
50,55
55,50
62,41
70,25
71,22
73,14
74,7
44,60
60,44
49,56
56,49
8,74
38,64
64,38
74,8
19,72
28,69
69,28
72,19
48,57
57,48
15,73
73,15
9,74
74,9
40,63
63,40
23,71
43,61
61,43
71,23
47,58
58,47
10,74
26,70
70,26
74,10
33,67
67,33
35,66
66,35
20,72
72,20
16,73
31,68
68,31
73,16
37,65
65,37
11,74
46,59
59,46
74,11
29,69
69,29
42,62
62,42
24,71
39,64
64,39
71,24
17,73
53,53
73,17
12,74
52,54
54,52
74,12
0,75
21,72
45,60
60,45
72,21
75,0
1,75
51,55
55,51
75,1
2,75
27,70
70,27
75,2
3,75
75,3
50,56
56,50
4,75
75,4
13,74
34,67
67,34
74,13
32,68
68,32
5,75
41,63
49,57
57,49
63,41
75,5
36,66
66,36
18,73
73,18
44,61
61,44
6,75
30,69
69,30
75,6
25,71
71,25
22,72
48,58
58,48
72,22
38,65
65,38
14,74
74,14
7,75
75,7
28,70
70,28
8,75
75,8
19,73
47,59
59,47
73,19
43,62
62,43
40,64
64,40
15,74
74,15
9,75
75,9
23,72
33,68
68,33
72,23
35,67
67,35
46,60
60,46
26,71
71,26
31,69
69,31
10,75
37,66
53,54
54,53
66,37
75,10
20,73
52,55
55,52
73,20
16,74
74,16
42,63
63,42
51,56
56,51
29,70
70,29
11,75
39,65
45,61
61,45
65,39
75,11
50,57
57,50
24,72
72,24
17,74
49,58
58,49
74,17
12,75
75,12
21,73
27,71
71,27
73,21
0,76
76,0
1,76
41,64
64,41
76,1
2,76
34,68
44,62
62,44
68,34
76,2
3,76
32,69
36,67
48,59
59,48
67,36
69,32
76,3
4,76
76,4
13,75
75,13
18,74
30,70
38,66
66,38
70,30
74,18
5,76
76,5
25,72
47,60
60,47
72,25
6,76
76,6
22,73
73,22
43,63
63,43
14,75
75,14
7,76
28,71
40,65
65,40
71,28
76,7
54,54
53,55
55,53
19,74
46,61
61,46
74,19
8,76
52,56
56,52
76,8
35,68
68,35
15,75
33,69
51,57
57,51
69,33
75,15
9,76
76,9
23,73
37,67
67,37
73,23
26,72
42,64
64,42
72,26
31,70
70,31
50,58
58,50
45,62
62,45
10,76
20,74
74,20
76,10
39,66
66,39
16,75
75,16
29,71
49,59
59,49
71,29
11,76
76,11
48,60
60,48
24,73
44,63
63,44
73,24
41,65
65,41
27,72
72,27
17,75
75,17
21,74
34,69
69,34
74,21
12,76
36,68
68,36
76,12
32,70
70,32
0,77
77,0
1,77
47,61
61,47
77,1
2,77
38,67
67,38
77,2
3,77
77,3
30,71
54,55
55,54
71,30
4,77
13,76
43,64
53,56
56,53
64,43
76,13
77,4
18,75
75,18
52,57
57,52
5,77
25,73
73,25
77,5
40,66
66,40
22,74
46,62
62,46
74,22
6,77
51,58
58,51
77,6
28,72
72,28
14,76
76,14
7,77
77,7
50,59
59,50
19,75
35,69
69,35
75,19
33,70
42,65
65,42
70,33
8,77
37,68
68,37
77,8
45,63
63,45
15,76
49,60
60,49
76,15
31,71
71,31
23,74
26,73
73,26
74,23
9,77
39,67
67,39
77,9
20,75
29,72
48,61
61,48
72,29
75,20
10,77
77,10
16,76
44,64
64,44
76,16
41,66
66,41
11,77
55,55
77,11
24,74
54,56
56,54
74,24
47,62
62,47
34,70
70,34
36,69
69,36
27,73
53,57
57,53
73,27
17,76
32,71
71,32
76,17
21,75
75,21
38,68
52,58
58,52
68,38
12,77
77,12
43,65
65,43
51,59
59,51
0,78
30,72
72,30
78,0
1,78
46,63
63,46
78,1
2,78
78,2
40,67
67,40
3,78
78,3
13,77
77,13
4,78
18,76
50,60
60,50
76,18
78,4
25,74
74,25
5,78
22,75
75,22
78,5
28,73
73,28
6,78
42,66
66,42
78,6
45,64
64,45
49,61
61,49
14,77
35,70
70,35
77,14
33,71
37,69
69,37
71,33
7,78
78,7
19,76
76,19
31,72
39,68
68,39
72,31
8,78
48,62
62,48
78,8
26,74
74,26
15,77
23,75
75,23
77,15
44,65
55,56
56,55
65,44
9,78
54,57
57,54
78,9
29,73
41,67
67,41
73,29
53,58
58,53
20,76
76,20
47,63
63,47
10,78
78,10
16,77
52,59
59,52
77,16
36,70
70,36
34,71
71,34
24,75
51,60
60,51
75,24
11,78
27,74
38,69
43,66
66,43
69,38
74,27
78,11
32,72
72,32
46,64
64,46
21,76
76,21
17,77
77,17
50,61
61,50
40,68
68,40
12,78
78,12
30,73
73,30
0,79
79,0
1,79
79,1
2,79
49,62
62,49
79,2
3,79
25,75
45,65
65,45
75,25
79,3
13,78
18,77
42,67
67,42
77,18
78,13
4,79
79,4
22,76
28,74
74,28
76,22
5,79
35,71
71,35
79,5
37,70
70,37
56,56
33,72
48,63
63,48
72,33
55,57
57,55
6,79
79,6
14,78
54,58
58,54
78,14
39,69
69,39
7,79
19,77
31,73
53,59
59,53
73,31
77,19
79,7
44,66
66,44
26,75
75,26
52,60
60,52
8,79
23,76
41,68
47,64
64,47
68,41
76,23
79,8
15,78
78,15
29,74
74,29
9,79
51,61
61,51
79,9
20,77
77,20
36,71
71,36
43,67
67,43
16,78
34,72
72,34
78,16
10,79
46,65
65,46
79,10
38,70
50,62
62,50
70,38
24,76
76,24
32,73
73,32
27,75
75,27
40,69
69,40
11,79
79,11
21,77
49,63
63,49
77,21
17,78
78,17
30,74
74,30
45,66
66,45
12,79
56,57
57,56
79,12
42,68
68,42
55,58
58,55
54,59
59,54
0,80
48,64
64,48
80,0
1,80
25,76
76,25
80,1
2,80
80,2
18,78
78,18
3,80
28,75
35,72
53,60
60,53
72,35
75,28
80,3
13,79
37,71
71,37
79,13
22,77
77,22
4,80
80,4
33,73
73,33
39,70
70,39
5,80
44,67
52,61
61,52
67,44
80,5
47,65
65,47
6,80
80,6
14,79
31,74
74,31
79,14
41,69
69,41
19,78
51,62
62,51
78,19
7,80
80,7
26,76
76,26
23,77
77,23
8,80
80,8
15,79
29,75
75,29
79,15
50,63
63,50
46,66
66,46
43,68
68,43
36,72
72,36
9,80
80,9
20,78
78,20
34,73
38,71
71,38
73,34
16,79
49,64
64,49
79,16
57,57
10,80
32,74
40,70
56,58
58,56
70,40
74,32
80,10
24,77
27,76
76,27
77,24
55,59
59,55
45,67
67,45
54,60
60,54
11,80
80,11
21,78
30,75
42,69
69,42
75,30
78,21
48,65
65,48
17,79
53,61
61,53
79,17
12,80
80,12
52,62
62,52
37,72
72,37
25,77
35,73
73,35
77,25
28,76
44,68
68,44
76,28
0,81
81,0
1,81
39,71
71,39
81,1
2,81
18,79
33,74
47,66
66,47
74,33
79,18
81,2
22,78
78,22
13,80
80,13
3,81
51,63
63,51
81,3
4,81
81,4
41,70
70,41
5,81
31,75
75,31
81,5
14,80
50,64
64,50
80,14
6,81
81,6
19,79
79,19
26,77
46,67
67,46
77,26
7,81
43,69
69,43
81,7
23,78
57,58
58,57
78,23
29,76
56,59
59,56
76,29
8,81
15,80
36,73
55,60
60,55
73,36
80,15
81,8
49,65
65,49
38,72
72,38
34,74
74,34
54,61
61,54
20,79
40,71
71,40
79,20
9,81
81,9
32,75
45,68
68,45
75,32
53,62
62,53
16,80
80,16
27,77
77,27
24,78
48,66
66,48
78,24
10,81
81,10
42,70
70,42
52,63
63,52
30,76
76,30
11,81
21,79
79,21
81,11
17,80
80,17
44,69
51,64
64,51
69,44
37,73
47,67
67,47
73,37
35,74
74,35
12,81
39,72
72,39
81,12
25,78
78,25
28,77
77,28
33,75
75,33
41,71
71,41
0,82
18,80
80,18
82,0
1,82
22,79
50,65
65,50
79,22
82,1
2,82
58,58
82,2
13,81
57,59
59,57
81,13
3,82
82,3
56,60
60,56
31,76
76,31
4,82
46,68
68,46
82,4
55,61
61,55
5,82
43,70
70,43
82,5
14,81
49,66
66,49
81,14
6,82
26,78
54,62
62,54
78,26
82,6
19,80
80,19
23,79
29,77
77,29
79,23
36,74
74,36
7,82
38,73
73,38
82,7
53,63
63,53
34,75
75,34
40,72
72,40
15,81
45,69
69,45
81,15
8,82
82,8
48,67
67,48
20,80
32,76
52,64
64,52
76,32
80,20
9,82
42,71
71,42
82,9
27,78
78,27
16,81
24,79
79,24
81,16
10,82
82,10
51,65
65,51
30,77
77,30
47,68
68,47
44,70
70,44
21,80
80,21
11,82
37,74
58,59
59,58
74,37
82,11
57,60
60,57
17,81
35,75
39,73
73,39
75,35
81,17
50,66
66,50
56,61
61,56
33,76
41,72
72,41
76,33
25,79
79,25
12,82
28,78
78,28
82,12
55,62
62,55
46,69
69,46
22,80
80,22
18,81
54,63
63,54
81,18
0,83
83,0
1,83
31,77
43,71
49,67
67,49
71,43
77,31
83,1
2,83
13,82
82,13
83,2
3,83
83,3
4,83
53,64
64,53
83,4
5,83
83,5
26,79
79,26
14,82
38,74
74,38
82,14
36,75
75,36
19,81
81,19
6,83
29,78
45,70
70,45
78,29
83,6
48,68
68,48
23,80
40,73
52,65
65,52
73,40
80,23
34,76
76,34
7,83
83,7
42,72
72,42
15,82
82,15
8,83
32,77
77,32
83,8
51,66
66,51
20,81
81,20
59,59
58,60
60,58
9,83
27,79
47,69
57,61
61,57
69,47
79,27
83,9
24,80
80,24
44,71
71,44
16,82
56,62
62,56
82,16
30,78
78,30
10,83
50,67
67,50
83,10
37,75
55,63
63,55
75,37
39,74
74,39
35,76
76,35
21,81
81,21
11,83
41,73
73,41
83,11
54,64
64,54
17,82
82,17
46,70
70,46
33,77
77,33
25,80
28,79
49,68
68,49
79,28
80,25
12,83
43,72
72,43
83,12
53,65
65,53
22,81
31,78
78,31
81,22
18,82
82,18
0,84
84,0
1,84
84,1
13,83
83,13
2,84
52,66
66,52
84,2
3,84
48,69
69,48
84,3
45,71
71,45
38,75
75,38
4,84
36,76
76,36
84,4
26,80
40,74
74,40
80,26
5,84
59,60
60,59
84,5
29,79
79,29
14,83
19,82
34,77
58,61
61,58
77,34
82,19
83,14
23,81
51,67
67,51
81,23
6,84
84,6
42,73
57,62
62,57
73,42
7,84
56,63
63,56
84,7
32,78
78,32
47,70
70,47
15,83
83,15
8,84
44,72
72,44
84,8
55,64
64,55
20,82
50,68
68,50
82,20
27,80
80,27
9,84
24,81
81,24
84,9
30,79
54,65
65,54
79,30
16,83
37,76
76,37
83,16
39,75
75,39
35,77
77,35
10,84
84,10
41,74
46,71
71,46
74,41
49,69
69,49
21,82
53,66
66,53
82,21
33,78
78,33
11,84
84,11
17,83
43,73
73,43
83,17
28,80
80,28
25,81
81,25
52,67
67,52
12,84
60,60
84,12
31,79
59,61
61,59
79,31
48,70
70,48
22,82
58,62
62,58
82,22
45,72
72,45
18,83
83,18
57,63
63,57
38,76
76,38
0,85
13,84
36,77
40,75
51,68
68,51
75,40
77,36
84,13
85,0
1,85
85,1
2,85
85,2
56,64
64,56
3,85
85,3
26,81
81,26
34,78
42,74
74,42
78,34
4,85
29,80
80,29
85,4
5,85
19,83
47,71
55,65
65,55
71,47
83,19
85,5
14,84
84,14
23,82
82,23
6,85
50,69
69,50
85,6
32,79
44,73
73,44
79,32
54,66
66,54
7,85
85,7
15,84
84,15
8,85
20,83
83,20
85,8
27,81
81,27
39,76
76,39
37,77
53,67
67,53
77,37
24,82
30,80
46,72
72,46
80,30
82,24
49,70
70,49
9,85
41,75
75,41
85,9
35,78
78,35
16,84
84,16
60,61
61,60
10,85
43,74
59,62
62,59
74,43
85,10
52,68
68,52
21,83
33,79
79,33
83,21
58,63
63,58
17,84
28,81
48,71
57,64
64,57
71,48
81,28
84,17
11,85
85,11
25,82
82,25
45,73
73,45
31,80
56,65
65,56
80,31
51,69
69,51
12,85
85,12
22,83
38,77
77,38
83,22
40,76
76,40
18,84
36,78
78,36
84,18
55,66
66,55
42,75
75,42
47,72
72,47
13,85
85,13
0,86
86,0
1,86
34,79
79,34
86,1
2,86
26,82
50,70
70,50
82,26
86,2
29,81
81,29
3,86
54,67
67,54
86,3
4,86
44,74
74,44
86,4
19,84
84,19
23,83
83,23
5,86
14,85
85,14
86,5
32,80
80,32
6,86
86,6
53,68
68,53
49,71
61,61
71,49
60,62
62,60
7,86
46,73
73,46
86,7
15,85
39,77
59,63
63,59
77,39
85,15
27,82
37,78
78,37
82,27
20,84
84,20
41,76
76,41
8,86
58,64
64,58
86,8
30,81
81,30
24,83
52,69
69,52
83,24
35,79
79,35
43,75
57,65
65,57
75,43
9,86
86,9
16,85
85,16
48,72
72,48
33,80
80,33
56,66
66,56
10,86
86,10
21,84
84,21
45,74
51,70
70,51
74,45
28,82
82,28
17,85
25,83
55,67
67,55
83,25
85,17
11,86
86,11
31,81
81,31
38,78
78,38
40,77
77,40
36,79
79,36
47,73
73,47
12,86
22,84
42,76
54,68
68,54
76,42
84,22
86,12
50,71
71,50
18,85
85,18
34,80
80,34
44,75
75,44
13,86
26,83
29,82
61,62
62,61
82,29
83,26
86,13
0,87
60,63
63,60
87,0
1,87
53,69
69,53
87,1
2,87
87,2
59,64
64,59
3,87
87,3
4,87
23,84
32,81
49,72
72,49
81,32
84,23
87,4
19,85
85,19
58,65
65,58
14,86
46,74
74,46
86,14
5,87
87,5
52,70
70,52
6,87
39,78
57,66
66,57
78,39
87,6
37,79
41,77
77,41
79,37
7,87
27,83
83,27
87,7
15,86
86,15
30,82
82,30
20,85
35,80
43,76
56,67
67,56
76,43
80,35
85,20
24,84
84,24
8,87
48,73
73,48
87,8
51,71
71,51
55,68
68,55
9,87
33,81
45,75
75,45
81,33
87,9
16,86
86,16
21,85
85,21
10,87
87,10
28,83
83,28
54,69
69,54
25,84
84,25
40,78
50,72
72,50
78,40
17,86
31,82
38,79
47,74
74,47
79,38
82,31
86,17
62,62
11,87
61,63
63,61
87,11
42,77
77,42
36,80
60,64
64,60
80,36
59,65
65,59
22,85
53,70
70,53
85,22
44,76
76,44
12,87
87,12
34,81
81,34
18,86
58,66
66,58
86,18
29,83
49,73
73,49
83,29
26,84
84,26
13,87
57,67
67,57
87,13
46,75
75,46
0,88
88,0
1,88
52,71
71,52
88,1
2,88
32,82
82,32
88,2
3,88
88,3
23,85
85,23
19,86
86,19
4,88
56,68
68,56
88,4
39,79
79,39
14,87
41,78
78,41
87,14
5,88
37,80
80,37
88,5
43,77
77,43
6,88
48,74
74,48
88,6
27,84
51,72
72,51
84,27
35,81
55,69
69,55
81,35
30,83
83,30
7,88
88,7
15,87
87,15
20,86
86,20
24,85
45,76
76,45
85,24
8,88
88,8
33,82
62,63
63,62
82,33
54,70
70,54
61,64
64,61
9,88
16,87
60,65
65,60
87,16
88,9
50,73
73,50
47,75
75,47
21,86
59,66
66,59
86,21
28,84
84,28
40,79
79,40
10,88
38,80
80,38
88,10
42,78
78,42
25,85
31,83
53,71
71,53
83,31
85,25
58,67
67,58
36,81
81,36
17,87
87,17
11,88
44,77
77,44
88,11
57,68
68,57
49,74
74,49
22,86
34,82
82,34
86,22
12,88
52,72
72,52
88,12
46,76
76,46
18,87
87,18
29,84
56,69
69,56
84,29
26,85
85,26
13,88
32,83
83,32
88,13
0,89
39,80
80,39
89,0
1,89
41,79
79,41
89,1
2,89
23,86
55,70
70,55
86,23
89,2
48,75
75,48
3,89
19,87
37,81
51,73
73,51
81,37
87,19
89,3
43,78
78,43
4,89
89,4
63,63
14,88
62,64
64,62
88,14
5,89
61,65
65,61
89,5
35,82
82,35
27,85
45,77
77,45
85,27
30,84
60,66
66,60
84,30
6,89
54,71
71,54
89,6
15,88
20,87
87,20
88,15
7,89
59,67
67,59
89,7
24,86
86,24
50,74
74,50
33,83
83,33
8,89
47,76
76,47
89,8
58,68
68,58
53,72
72,53
16,88
40,80
80,40
88,16
9,89
89,9
38,81
42,79
79,42
81,38
28,85
85,28
21,87
57,69
69,57
87,21
31,84
84,31
36,82
44,78
78,44
82,36
10,89
25,86
86,25
89,10
49,75
75,49
17,88
52,73
73,52
88,17
56,70
70,56
11,89
89,11
34,83
46,77
77,46
83,34
22,87
87,22
12,89
63,64
64,63
89,12
29,85
55,71
71,55
85,29
18,88
88,18
62,65
65,62
26,86
86,26
51,74
61,66
66,61
74,51
32,84
48,76
76,48
84,32
41,80
80,41
39,81
81,39
60,67
67,60
13,89
43,79
79,43
89,13
37,82
82,37
23,87
87,23
0,90
54,72
72,54
90,0
1,90
90,1
2,90
90,2
19,88
59,68
68,59
88,19
3,90
45,78
78,45
90,3
35,83
83,35
4,90
90,4
14,89
89,14
5,90
27,86
30,85
50,75
58,69
69,58
75,50
85,30
86,27
90,5
6,90
90,6
47,77
53,73
73,53
77,47
20,88
88,20
24,87
33,84
84,33
87,24
15,89
89,15
7,90
57,70
70,57
90,7
40,81
81,40
8,90
42,80
80,42
90,8
38,82
82,38
16,89
44,79
49,76
56,71
71,56
76,49
79,44
89,16
28,86
52,74
74,52
86,28
9,90
90,9
21,88
36,83
83,36
88,21
31,85
85,31
64,64
25,87
63,65
65,63
87,25
10,90
46,78
62,66
66,62
78,46
90,10
55,72
72,55
17,89
61,67
67,61
89,17
34,84
84,34
11,90
90,11
60,68
68,60
51,75
75,51
22,88
88,22
48,77
77,48
29,86
86,29
41,81
59,69
69,59
81,41
12,90
90,12
18,89
26,87
39,82
54,73
73,54
82,39
87,26
89,18
32,85
43,80
80,43
85,32
37,83
83,37
58,70
70,58
45,79
79,45
13,90
90,13
23,88
88,23
50,76
76,50
0,91
35,84
84,35
91,0
1,91
19,89
89,19
91,1
2,91
53,74
74,53
91,2
3,91
57,71
71,57
91,3
47,78
78,47
14,90
30,86
86,30
90,14
4,91
91,4
27,87
87,27
5,91
91,5
33,85
85,33
6,91
91,6
24,88
56,72
72,56
88,24
20,89
64,65
65,64
89,20
40,82
82,40
15,90
42,81
63,66
66,63
81,42
90,15
52,75
75,52
7,91
49,77
77,49
91,7
38,83
62,67
67,62
83,38
44,80
80,44
8,91
61,68
68,61
91,8
36,84
84,36
28,87
87,28
55,73
73,55
16,90
90,16
31,86
46,79
79,46
86,31
60,69
69,60
9,91
21,89
89,21
91,9
25,88
88,25
51,76
76,51
10,91
34,85
59,70
70,59
85,34
91,10
48,78
78,48
17,90
90,17
54,74
74,54
11,91
91,11
22,89
41,82
58,71
71,58
82,41
89,22
29,87
39,83
43,81
81,43
83,39
87,29
26,88
32,86
86,32
88,26
18,90
90,18
12,91
37,84
45,80
80,45
84,37
91,12
50,77
77,50
57,72
72,57
53,75
75,53
13,91
23,89
35,85
47,79
65,65
79,47
85,35
89,23
91,13
64,66
66,64
63,67
67,63
19,90
90,19
0,92
92,0
1,92
56,73
73,56
92,1
2,92
62,68
68,62
92,2
30,87
87,30
3,92
27,88
88,27
92,3
14,91
91,14
4,92
52,76
76,52
92,4
61,69
69,61
33,86
49,78
78,49
86,33
42,82
82,42
5,92
40,83
83,40
92,5
24,89
44,81
81,44
89,24
6,92
20,90
38,84
60,70
70,60
84,38
90,20
92,6
55,74
74,55
15,91
91,15
7,92
92,7
46,80
80,46
36,85
85,36
59,71
71,59
8,92
28,88
88,28
92,8
31,87
51,77
77,51
87,31
16,91
91,16
21,90
54,75
75,54
90,21
9,92
48,79
79,48
92,9
25,89
89,25
58,72
72,58
34,86
86,34
10,92
92,10
17,91
41,83
83,41
91,17
43,82
82,43
39,84
84,39
57,73
73,57
65,66
66,65
22,90
50,78
78,50
90,22
11,92
29,88
53,76
64,67
67,64
76,53
88,29
92,11
45,81
81,45
32,87
63,68
68,63
87,32
37,85
85,37
26,89
89,26
18,91
62,69
69,62
91,18
12,92
92,12
47,80
80,47
56,74
74,56
35,86
61,70
70,61
86,35
23,90
90,23
13,92
52,77
77,52
92,13
60,71
71,60
19,91
49,79
79,49
91,19
30,88
88,30
0,93
93,0
1,93
27,89
55,75
75,55
89,27
93,1
2,93
42,83
83,42
93,2
40,84
84,40
3,93
33,87
87,33
93,3
14,92
44,82
82,44
92,14
4,93
59,72
72,59
93,4
38,85
85,38
5,93
93,5
24,90
90,24
46,81
81,46
20,91
91,20
6,93
51,78
78,51
93,6
15,92
92,15
36,86
54,76
76,54
86,36
58,73
73,58
7,93
93,7
48,80
80,48
28,89
31,88
88,31
89,28
66,66
8,93
93,8
65,67
67,65
16,92
64,68
68,64
92,16
21,91
91,21
25,90
34,87
57,74
74,57
87,34
90,25
9,93
63,69
69,63
93,9
41,84
84,41
43,83
53,77
77,53
83,43
50,79
79,50
62,70
70,62
39,85
85,39
10,93
45,82
82,45
93,10
17,92
92,17
56,75
75,56
29,89
61,71
71,61
89,29
22,91
37,86
86,37
91,22
32,88
88,32
11,93
47,81
81,47
93,11
26,90
90,26
60,72
72,60
18,92
52,78
78,52
92,18
12,93
93,12
35,87
87,35
49,80
55,76
76,55
80,49
23,91
59,73
73,59
91,23
13,93
93,13
42,84
84,42
30,89
89,30
19,92
40,85
44,83
83,44
85,40
92,19
27,90
90,27
33,88
88,33
0,94
94,0
1,94
94,1
2,94
38,86
46,82
58,74
74,58
82,46
86,38
94,2
51,79
79,51
3,94
14,93
54,77
66,67
67,66
77,54
93,14
94,3
65,68
68,65
4,94
94,4
24,91
64,69
69,64
91,24
5,94
94,5
20,92
92,20
36,87
48,81
81,48
87,36
63,70
70,63
6,94
94,6
15,93
57,75
75,57
93,15
31,89
89,31
28,90
90,28
7,94
62,71
71,62
94,7
53,78
78,53
8,94
34,88
50,80
80,50
88,34
94,8
16,93
21,92
43,84
61,72
72,61
84,43
92,21
93,16
25,91
41,85
85,41
91,25
56,76
76,56
45,83
83,45
9,94
39,86
86,39
94,9
60,73
73,60
47,82
82,47
10,94
94,10
17,93
37,87
87,37
93,17
29,90
90,29
32,89
52,79
79,52
89,32
22,92
92,22
55,77
77,55
11,94
26,91
59,74
74,59
91,26
94,11
49,81
81,49
35,88
88,35
18,93
93,18
67,67
12,94
66,68
68,66
94,12
65,69
69,65
42,85
58,75
75,58
85,42
44,84
84,44
23,92
92,23
40,86
64,70
70,64
86,40
30,90
54,78
78,54
90,30
51,80
80,51
13,94
46,83
83,46
94,13
19,93
27,91
33,89
63,71
71,63
89,33
91,27
93,19
38,87
87,38
0,95
57,76
76,57
95,0
1,95
95,1
48,82
62,72
72,62
82,48
2,95
95,2
14,94
94,14
3,95
95,3
24,92
36,88
88,36
92,24
4,95
95,4
20,93
93,20
5,95
53,79
61,73
73,61
79,53
95,5
6,95
15,94
31,90
50,81
81,50
90,31
94,15
95,6
28,91
56,77
77,56
91,28
7,95
43,85
85,43
95,7
60,74
74,60
34,89
41,86
86,41
89,34
45,84
84,45
8,95
25,92
92,25
95,8
21,93
39,87
87,39
93,21
16,94
94,16
47,83
83,47
52,80
80,52
9,95
59,75
75,59
95,9
55,78
78,55
37,88
67,68
68,67
88,37
66,69
69,66
29,91
91,29
32,90
90,32
10,95
17,94
49,82
65,70
70,65
82,49
94,17
95,10
22,93
93,22
64,71
71,64
26,92
58,76
76,58
92,26
11,95
35,89
89,35
95,11
63,72
72,63
54,79
79,54
18,94
42,86
86,42
94,18
44,85
85,44
51,81
81,51
12,95
40,87
87,40
95,12
46,84
84,46
62,73
73,62
23,93
57,77
77,57
93,23
30,91
91,30
38,88
88,38
33,90
90,33
27,92
48,83
83,48
92,27
13,95
95,13
19,94
61,74
74,61
94,19
53,80
80,53
0,96
96,0
1,96
36,89
89,36
96,1
2,96
56,78
78,56
96,2
14,95
95,14
50,82
82,50
3,96
24,93
60,75
75,60
93,24
96,3
4,96
96,4
20,94
94,20
5,96
96,5
31,91
91,31
43,86
86,43
28,92
68,68
92,28
15,95
41,87
45,85
67,69
69,67
85,45
87,41
95,15
6,96
96,6
34,90
66,70
70,66
90,34
59,76
76,59
7,96
39,88
47,84
52,81
81,52
84,47
88,39
96,7
55,79
65,71
71,65
79,55
25,93
93,25
21,94
94,21
8,96
64,72
72,64
96,8
16,95
95,16
37,89
49,83
83,49
89,37
58,77
77,58
9,96
96,9
63,73
73,63
29,92
32,91
91,32
92,29
17,95
95,17
10,96
54,80
80,54
96,10
22,94
62,74
74,62
94,22
26,93
35,90
51,82
82,51
90,35
93,26
44,86
86,44
42,87
57,78
78,57
87,42
11,96
96,11
46,85
85,46
40,88
88,40
61,75
75,61
18,95
95,18
12,96
48,84
84,48
96,12
30,92
92,30
23,94
38,89
89,38
94,23
33,91
53,81
81,53
91,33
60,76
76,60
56,79
79,56
27,93
93,27
13,96
68,69
69,68
96,13
19,95
95,19
50,83
67,70
70,67
83,50
36,90
90,36
66,71
71,66
0,97
65,72
72,65
97,0
1,97
59,77
77,59
97,1
14,96
24,94
94,24
96,14
2,97
97,2
3,97
43,87
87,43
97,3
45,86
86,45
4,97
20,95
31,92
41,88
55,80
64,73
73,64
80,55
88,41
92,31
95,20
97,4
52,82
82,52
28,93
93,28
5,97
47,85
85,47
97,5
34,91
91,34
15,96
96,15
39,89
89,39
6,97
63,74
74,63
97,6
58,78
78,58
49,84
84,49
7,97
97,7
25,94
94,25
21,95
95,21
37,90
62,75
75,62
90,37
16,96
96,16
8,97
97,8
54,81
81,54
32,92
92,32
9,97
29,93
51,83
57,79
79,57
83,51
93,29
97,9
61,76
76,61
17,96
44,87
87,44
96,17
35,91
91,35
42,88
88,42
10,97
22,95
95,22
97,10
26,94
46,86
86,46
94,26
40,89
89,40
69,69
68,70
70,68
48,85
60,77
77,60
85,48
11,97
67,71
71,67
97,11
53,82
82,53
56,80
80,56
18,96
66,72
72,66
96,18
38,90
90,38
30,93
93,30
12,97
33,92
92,33
97,12
23,95
65,73
73,65
95,23
50,84
84,50
27,94
59,78
78,59
94,27
64,74
74,64
19,96
36,91
91,36
96,19
13,97
97,13
55,81
81,55
43,88
52,83
83,52
88,43
45,87
63,75
75,63
87,45
24,95
95,24
41,89
89,41
0,98
98,0
1,98
14,97
47,86
58,79
79,58
86,47
97,14
98,1
2,98
98,2
31,93
93,31
3,98
98,3
20,96
96,20
4,98
28,94
34,92
62,76
76,62
92,34
94,28
98,4
39,90
90,39
49,85
85,49
5,98
98,5
15,97
97,15
6,98
54,82
82,54
98,6
57,80
80,57
25,95
37,91
61,77
77,61
91,37
95,25
7,98
98,7
21,96
51,84
84,51
96,21
69,70
70,69
16,97
68,71
71,68
97,16
8,98
98,8
32,93
67,72
72,67
93,32
29,94
94,29
44,88
88,44
60,78
78,60
9,98
42,89
46,87
66,73
73,66
87,46
89,42
98,9
35,92
92,35
56,81
81,56
17,97
53,83
83,53
97,17
22,96
40,90
48,86
86,48
90,40
96,22
26,95
65,74
74,65
95,26
10,98
98,10
64,75
75,64
59,79
79,59
11,98
38,91
50,85
85,50
91,38
98,11
18,97
97,18
30,94
94,30
33,93
93,33
23,96
63,76
76,63
96,23
12,98
98,12
55,82
82,55
27,95
95,27
36,92
52,84
84,52
92,36
58,80
80,58
45,88
88,45
19,97
43,89
89,43
97,19
13,98
62,77
77,62
98,13
47,87
87,47
41,90
90,41
24,96
96,24
31,94
49,86
86,49
94,31
14,98
70,70
98,14
0,99
99,0
1,99
39,91
69,71
71,69
91,39
99,1
2,99
34,93
54,83
61,78
78,61
83,54
93,34
99,2
68,72
72,68
20,97
28,95
95,28
97,20
3,99
57,81
81,57
99,3
4,99
99,4
67,73
73,67
5,99
51,85
85,51
99,5
15,98
98,15
66,74
74,66
37,92
92,37
6,99
99,6
25,96
60,79
79,60
96,25
7,99
21,97
65,75
75,65
97,21
99,7
44,89
89,44
16,98
32,94
46,88
56,82
82,56
88,46
94,32
98,16
42,90
90,42
8,99
53,84
84,53
99,8
29,95
95,29
64,76
76,64
48,87
87,48
35,93
93,35
40,91
59,80
80,59
91,40
9,99
99,9
26,96
96,26
17,98
22,97
97,22
98,17
50,86
86,50
63,77
77,63
10,99
99,10
38,92
92,38
55,83
83,55
11,99
99,11
30,95
33,94
58,81
81,58
94,33
95,30
18,98
62,78
78,62
98,18
52,85
85,52
23,97
97,23
70,71
71,70
12,99
27,96
36,93
69,72
72,69
93,36
96,27
99,12
45,89
89,45
43,90
90,43
47,88
68,73
73,68
88,47
41,91
61,79
79,61
91,41
19,98
67,74
74,67
98,19
13,99
49,87
87,49
99,13
54,84
84,54
57,82
82,57
66,75
75,66
24,97
39,92
92,39
97,24
31,95
95,31
34,94
94,34
14,99
51,86
86,51
99,14
0,100
28,96
60,80
80,60
96,28
100,0
1,100
65,76
76,65
100,1
2,100
20,98
98,20
100,2
3,100
100,3
4,100
100,4
37,93
93,37
5,100
56,83
64,77
77,64
83,56
100,5
15,99
99,15
25,97
53,85
85,53
97,25
6,100
44,90
90,44
100,6
46,89
89,46
59,81
81,59
21,98
42,91
91,42
98,21
48,88
88,48
7,100
32,95
95,32
100,7
63,78
78,63
16,99
29,96
96,29
99,16
35,94
94,35
8,100
40,92
92,40
100,8
50,87
87,50
9,100
55,84
84,55
100,9
71,71
70,72
72,70
26,97
62,79
79,62
97,26
22,98
58,82
82,58
98,22
17,99
69,73
73,69
99,17
38,93
93,38
10,100
52,86
68,74
74,68
86,52
100,10
33,95
67,75
75,67
95,33
30,96
96,30
11,100
61,80
80,61
100,11
18,99
45,90
90,45
99,18
43,91
47,89
89,47
91,43
36,94
66,76
76,66
94,36
23,98
98,23
27,97
57,83
83,57
97,27
54,85
85,54
12,100
100,12
41,92
49,88
88,49
92,41
65,77
77,65
60,81
81,60
19,99
99,19
13,100
100,13
39,93
51,87
87,51
93,39
31,96
96,31
24,98
64,78
78,64
98,24
34,95
95,34
56,84
84,56
28,97
97,28
14,100
100,14
20,99
99,20
37,94
53,86
59,82
82,59
86,53
94,37
63,79
79,63
46,90
90,46
44,91
91,44
15,100
48,89
71,72
72,71
89,48
100,15
42,92
92,42
25,98
70,73
73,70
98,25
69,74
74,69
32,96
96,32
21,99
99,21
50,88
62,80
80,62
88,50
40,93
68,75
75,68
93,40
29,97
35,95
55,85
85,55
95,35
97,29
58,83
83,58
16,100
100,16
67,76
76,67
52,87
87,52
26,98
38,94
94,38
98,26
61,81
81,61
22,99
66,77
77,66
99,22
17,100
100,17
33,96
57,84
84,57
96,33
45,91
91,45
30,97
47,90
65,78
78,65
90,47
97,30
54,86
86,54
43,92
92,43
36,95
95,36
49,89
89,49
18,100
60,82
82,60
100,18
23,99
41,93
93,41
99,23
27,98
98,27
64,79
79,64
51,88
88,51
39,94
94,39
19,100
56,85
85,56
100,19
72,72
63,80
80,63
31,97
59,83
71,73
73,71
83,59
97,31
34,96
96,34
70,74
74,70
24,99
99,24
53,87
87,53
69,75
75,69
28,98
98,28
37,95
95,37
46,91
91,46
20,100
44,92
68,76
76,68
92,44
100,20
48,90
90,48
62,81
81,62
42,93
93,42
67,77
77,67
58,84
84,58
50,89
55,86
86,55
89,50
25,99
99,25
32,97
97,32
40,94
94,40
66,78
78,66
21,100
35,96
96,35
100,21
29,98
61,82
82,61
98,29
52,88
88,52
65,79
79,65
38,95
95,38
57,85
85,57
26,99
99,26
22,100
100,22
54,87
87,54
45,92
60,83
83,60
92,45
47,91
91,47
64,80
80,64
33,97
43,93
93,43
97,33
49,90
90,49
30,98
98,30
36,96
96,36
72,73
73,72
41,94
71,74
74,71
94,41
51,89
89,51
70,75
75,70
23,100
100,23
27,99
63,81
81,63
99,27
56,86
86,56
59,84
69,76
76,69
84,59
39,95
95,39
53,88
68,77
77,68
88,53
31,98
34,97
97,34
98,31
62,82
82,62
67,78
78,67
24,100
100,24
46,92
92,46
28,99
37,96
44,93
48,91
91,48
93,44
96,37
99,28
58,85
85,58
55,87
87,55
66,79
79,66
42,94
50,90
90,50
94,42
61,83
83,61
25,100
40,95
52,89
65,80
80,65
89,52
95,40
100,25
32,98
98,32
35,97
97,35
29,99
99,29
57,86
86,57
60,84
84,60
64,81
81,64
73,73
38,96
54,88
72,74
74,72
88,54
96,38
71,75
75,71
47,92
92,47
45,93
93,45
26,100
70,76
76,70
100,26
49,91
91,49
43,94
94,43
69,77
77,69
33,98
63,82
82,63
98,33
30,99
51,90
90,51
99,30
36,97
56,87
87,56
97,36
41,95
59,85
85,59
95,41
68,78
78,68
27,100
100,27
53,89
67,79
79,67
89,53
62,83
83,62
39,96
96,39
66,80
80,66
34,98
58,86
86,58
98,34
31,99
99,31
46,93
93,46
48,92
92,48
55,88
88,55
44,94
94,44
61,84
84,61
37,97
97,37
50,91
91,50
28,100
100,28
65,81
81,65
42,95
95,42
52,90
90,52
73,74
74,73
72,75
75,72
40,96
96,40
71,76
76,71
57,87
87,57
64,82
82,64
32,99
60,85
85,60
99,32
35,98
70,77
77,70
98,35
54,89
89,54
29,100
100,29
69,78
78,69
38,97
97,38
47,93
63,83
83,63
93,47
45,94
94,45
49,92
68,79
79,68
92,49
43,95
95,43
59,86
86,59
56,88
88,56
51,91
91,51
67,80
80,67
33,99
99,33
41,96
96,41
30,100
36,98
62,84
84,62
98,36
100,30
53,90
90,53
66,81
81,66
39,97
97,39
58,87
87,58
55,89
61,85
85,61
89,55
65,82
82,65
46,94
74,74
94,46
48,93
93,48
73,75
75,73
34,99
99,34
72,76
76,72
31,100
44,95
95,44
100,31
50,92
92,50
71,77
77,71
37,98
98,37
42,96
96,42
70,78
78,70
52,91
64,83
83,64
91,52
57,88
88,57
60,86
86,60
69,79
79,69
40,97
97,40
54,90
90,54
32,100
68,80
80,68
100,32
63,84
84,63
35,99
99,35
47,94
94,47
38,98
98,38
45,95
49,93
59,87
67,81
81,67
87,59
93,49
95,45
56,89
89,56
43,96
51,92
92,51
96,43
62,85
85,62
66,82
82,66
33,100
100,33
41,97
53,91
91,53
97,41
36,99
99,36
74,75
75,74
73,76
76,73
58,88
88,58
72,77
77,72
65,83
83,65
61,86
86,61
39,98
55,90
71,78
78,71
90,55
98,39
48,94
94,48
46,95
70,79
79,70
95,46
50,93
93,50
44,96
64,84
84,64
96,44
34,100
100,34
69,80
80,69
52,92
92,52
60,87
87,60
37,99
57,89
89,57
99,37
42,97
97,42
68,81
81,68
63,85
85,63
54,91
91,54
40,98
98,40
67,82
82,67
35,100
59,88
88,59
100,35
47,95
95,47
56,90
90,56
49,94
94,49
62,86
86,62
45,96
96,45
38,99
66,83
83,66
99,38
51,93
75,75
93,51
74,76
76,74
43,97
73,77
77,73
97,43
72,78
78,72
53,92
92,53
65,84
84,65
71,79
79,71
41,98
58,89
89,58
98,41
61,87
87,61
36,100
100,36
70,80
80,70
55,91
91,55
64,85
85,64
39,99
69,81
81,69
99,39
48,95
95,48
46,96
96,46
50,94
94,50
60,88
88,60
44,97
97,44
68,82
82,68
57,90
90,57
52,93
93,52
63,86
86,63
42,98
98,42
37,100
100,37
67,83
83,67
54,92
92,54
40,99
75,76
76,75
99,40
59,89
89,59
74,77
77,74
66,84
84,66
62,87
73,78
78,73
87,62
56,91
91,56
47,96
72,79
79,72
96,47
49,95
95,49
45,97
97,45
51,94
94,51
71,80
80,71
38,100
100,38
65,85
85,65
43,98
98,43
53,93
93,53
70,81
81,70
58,90
90,58
61,88
88,61
41,99
99,41
69,82
82,69
55,92
92,55
64,86
86,64
68,83
83,68
48,96
96,48
39,100
60,89
89,60
100,39
46,97
50,95
95,50
97,46
57,91
91,57
63,87
87,63
44,98
52,94
94,52
98,44
67,84
84,67
76,76
75,77
77,75
74,78
78,74
42,99
54,93
93,54
99,42
73,79
79,73
59,90
66,85
85,66
90,59
72,80
80,72
62,88
88,62
40,100
56,92
92,56
100,40
71,81
81,71
49,96
96,49
47,97
97,47
65,86
86,65
70,82
82,70
51,95
95,51
45,98
98,45
61,89
89,61
53,94
58,91
91,58
94,53
43,99
69,83
83,69
99,43
64,87
87,64
55,93
93,55
68,84
84,68
41,100
100,41
60,90
90,60
76,77
77,76
75,78
78,75
48,97
57,92
63,88
88,63
92,57
97,48
67,85
85,67
50,96
96,50
74,79
79,74
46,98
98,46
52,95
73,80
80,73
95,52
44,99
99,44
72,81
81,72
54,94
66,86
86,66
94,54
59,91
91,59
42,100
100,42
62,89
71,82
82,71
89,62
56,93
93,56
70,83
83,70
65,87
87,65
49,97
97,49
47,98
98,47
51,96
69,84
84,69
96,51
61,90
90,61
45,99
99,45
58,92
92,58
53,95
95,53
64,88
88,64
43,100
68,85
85,68
100,43
77,77
76,78
78,76
55,94
94,55
75,79
79,75
74,80
80,74
60,91
91,60
67,86
86,67
63,89
73,81
81,73
89,63
57,93
93,57
48,98
72,82
82,72
98,48
50,97
97,50
46,99
99,46
52,96
96,52
66,87
87,66
71,83
83,71
44,100
100,44
54,95
95,54
62,90
90,62
59,92
92,59
70,84
84,70
65,88
88,65
56,94
94,56
69,85
85,69
61,91
91,61
49,98
98,49
47,99
51,97
97,51
99,47
58,93
77,78
78,77
93,58
64,89
76,79
79,76
89,64
68,86
86,68
45,100
53,96
75,80
80,75
96,53
100,45
74,81
81,74
55,95
95,55
73,82
82,73
67,87
87,67
60,92
92,60
63,90
90,63
72,83
83,72
57,94
94,57
71,84
84,71
66,88
88,66
50,98
98,50
48,99
99,48
52,97
97,52
46,100
100,46
62,91
70,85
85,70
91,62
59,93
93,59
54,96
96,54
65,89
89,65
69,86
86,69
56,95
95,56
78,78
77,79
79,77
76,80
80,76
61,92
92,61
75,81
81,75
68,87
87,68
64,90
90,64
58,94
74,82
82,74
94,58
49,99
99,49
51,98
98,51
47,100
100,47
53,97
73,83
83,73
97,53
67,88
88,67
72,84
84,72
55,96
96,55
60,93
93,60
63,91
91,63
71,85
85,71
57,95
95,57
66,89
89,66
70,86
86,70
50,99
99,50
48,100
100,48
52,98
62,92
92,62
98,52
59,94
94,59
54,97
65,90
78,79
79,78
90,65
97,54
77,80
80,77
69,87
87,69
76,81
81,76
75,82
82,75
56,96
96,56
74,83
83,74
68,88
88,68
61,93
93,61
64,91
91,64
73,84
84,73
58,95
95,58
49,100
100,49
51,99
99,51
72,85
85,72
67,89
89,67
53,98
98,53
63,92
92,63
55,97
97,55
60,94
94,60
71,86
86,71
66,90
90,66
57,96
96,57
70,87
87,70
79,79
78,80
80,78
77,81
81,77
62,93
93,62
50,100
76,82
82,76
100,50
52,99
69,88
88,69
99,52
59,95
65,91
91,65
95,59
75,83
83,75
54,98
98,54
74,84
84,74
56,97
68,89
89,68
97,56
73,85
85,73
61,94
94,61
64,92
92,64
58,96
72,86
86,72
96,58
67,90
90,67
51,100
100,51
53,99
71,87
87,71
99,53
63,93
93,63
60,95
95,60
55,98
98,55
66,91
91,66
79,80
80,79
70,88
88,70
78,81
81,78
77,82
82,77
57,97
97,57
76,83
83,76
62,94
94,62
75,84
84,75
69,89
89,69
65,92
92,65
59,96
96,59
74,85
85,74
52,100
100,52
54,99
99,54
68,90
90,68
73,86
86,73
56,98
98,56
64,93
93,64
61,95
95,61
72,87
87,72
67,91
91,67
58,97
97,58
71,88
88,71
80,80
79,81
81,79
63,94
94,63
78,82
82,78
53,100
100,53
60,96
96,60
77,83
83,77
66,92
92,66
70,89
89,70
55,99
99,55
76,84
84,76
75,85
85,75
57,98
98,57
69,90
90,69
62,95
95,62
74,86
86,74
65,93
93,65
59,97
97,59
73,87
87,73
68,91
91,68
54,100
100,54
72,88
88,72
64,94
94,64
56,99
61,96
96,61
99,56
67,92
92,67
80,81
81,80
71,89
89,71
79,82
82,79
58,98
98,58
78,83
83,78
77,84
84,77
63,95
95,63
70,90
90,70
76,85
85,76
66,93
93,66
60,97
97,60
75,86
86,75
55,100
100,55
69,91
91,69
74,87
87,74
57,99
99,57
62,96
96,62
65,94
94,65
73,88
88,73
59,98
98,59
68,92
92,68
72,89
89,72
64,95
95,64
81,81
80,82
82,80
61,97
79,83
83,79
97,61
56,100
100,56
67,93
93,67
78,84
84,78
71,90
90,71
77,85
85,77
58,99
99,58
76,86
86,76
70,91
91,70
63,96
96,63
66,94
94,66
75,87
87,75
60,98
98,60
74,88
88,74
69,92
92,69
57,100
100,57
65,95
73,89
89,73
95,65
62,97
97,62
68,93
93,68
59,99
99,59
72,90
90,72
81,82
82,81
80,83
83,80
79,84
84,79
78,85
85,78
64,96
96,64
71,91
91,71
61,98
67,94
77,86
86,77
94,67
98,61
76,87
87,76
58,100
70,92
92,70
100,58
75,88
88,75
63,97
97,63
66,95
95,66
74,89
89,74
60,99
99,60
69,93
93,69
73,90
90,73
65,96
96,65
62,98
82,82
98,62
81,83
83,81
80,84
84,80
68,94
94,68
72,91
91,72
79,85
85,79
78,86
86,78
59,100
100,59
77,87
87,77
64,97
71,92
92,71
97,64
67,95
95,67
76,88
88,76
61,99
99,61
75,89
89,75
70,93
93,70
66,96
96,66
63,98
98,63
74,90
90,74
69,94
94,69
60,100
100,60
73,91
91,73
82,83
83,82
81,84
84,81
80,85
85,80
65,97
97,65
79,86
86,79
62,99
99,62
72,92
92,72
68,95
95,68
78,87
87,78
77,88
88,77
71,93
93,71
76,89
89,76
64,98
98,64
67,96
96,67
61,100
100,61
75,90
90,75
70,94
94,70
74,91
91,74
66,97
97,66
63,99
99,63
83,83
82,84
84,82
69,95
81,85
85,81
95,69
73,92
92,73
80,86
86,80
79,87
87,79
78,88
88,78
65,98
98,65
72,93
93,72
68,96
96,68
62,100
100,62
77,89
89,77
76,90
90,76
71,94
94,71
64,99
99,64
67,97
97,67
75,91
91,75
70,95
95,70
74,92
92,74
83,84
84,83
82,85
85,82
81,86
86,81
66,98
98,66
63,100
80,87
87,80
100,63
69,96
96,69
73,93
93,73
79,88
88,79
78,89
89,78
72,94
94,72
65,99
99,65
77,90
90,77
68,97
97,68
76,91
91,76
71,95
95,71
75,92
92,75
67,98
98,67
64,100
100,64
84,84
83,85
85,83
70,96
96,70
82,86
86,82
74,93
93,74
81,87
87,81
80,88
88,80
66,99
99,66
79,89
89,79
73,94
94,73
69,97
97,69
78,90
90,78
72,95
95,72
77,91
91,77
65,100
100,65
68,98
98,68
76,92
92,76
71,96
96,71
75,93
93,75
84,85
85,84
83,86
86,83
67,99
99,67
82,87
87,82
81,88
88,81
70,97
97,70
74,94
94,74
80,89
89,80
79,90
90,79
73,95
95,73
66,100
100,66
69,98
78,91
91,78
98,69
77,92
92,77
72,96
96,72
68,99
76,93
93,76
99,68
71,97
85,85
97,71
84,86
86,84
83,87
87,83
75,94
94,75
82,88
88,82
81,89
89,81
67,100
100,67
80,90
90,80
74,95
95,74
70,98
98,70
79,91
91,79
73,96
96,73
78,92
92,78
69,99
99,69
77,93
93,77
72,97
97,72
76,94
94,76
85,86
86,85
68,100
100,68
84,87
87,84
83,88
88,83
71,98
82,89
89,82
98,71
75,95
95,75
81,90
90,81
80,91
91,80
74,96
96,74
70,99
99,70
79,92
92,79
78,93
93,78
73,97
97,73
69,100
100,69
77,94
94,77
72,98
98,72
86,86
85,87
87,85
84,88
88,84
76,95
95,76
83,89
89,83
82,90
90,82
75,96
96,75
71,99
81,91
91,81
99,71
80,92
92,80
74,97
97,74
79,93
93,79
70,100
100,70
78,94
94,78
73,98
98,73
77,95
95,77
86,87
87,86
85,88
88,85
84,89
89,84
72,99
99,72
83,90
90,83
76,96
96,76
82,91
91,82
81,92
92,81
75,97
97,75
71,100
100,71
80,93
93,80
79,94
94,79
74,98
98,74
78,95
95,78
73,99
99,73
87,87
86,88
88,86
77,96
96,77
85,89
89,85
84,90
90,84
83,91
91,83
72,100
100,72
76,97
97,76
82,92
92,82
81,93
93,81
75,98
98,75
80,94
94,80
79,95
95,79
74,99
99,74
78,96
96,78
87,88
88,87
86,89
89,86
85,90
90,85
73,100
100,73
84,91
91,84
77,97
97,77
83,92
92,83
82,93
93,82
76,98
98,76
81,94
94,81
80,95
95,80
75,99
99,75
79,96
96,79
74,100
100,74
88,88
87,89
89,87
78,97
97,78
86,90
90,86
85,91
91,85
84,92
92,84
77,98
98,77
83,93
93,83
82,94
94,82
76,99
99,76
81,95
95,81
80,96
96,80
75,100
100,75
79,97
97,79
88,89
89,88
87,90
90,87
86,91
91,86
78,98
98,78
85,92
92,85
84,93
93,84
83,94
94,83
77,99
99,77
82,95
95,82
76,100
100,76
81,96
96,81
80,97
97,80
89,89
88,90
90,88
79,98
98,79
87,91
91,87
86,92
92,86
85,93
93,85
78,99
99,78
84,94
94,84
83,95
95,83
77,100
100,77
82,96
96,82
81,97
97,81
80,98
98,80
89,90
90,89
88,91
91,88
87,92
92,87
79,99
99,79
86,93
93,86
85,94
94,85
84,95
95,84
78,100
100,78
83,96
96,83
82,97
97,82
81,98
98,81
90,90
80,99
99,80
89,91
91,89
88,92
92,88
87,93
93,87
86,94
94,86
79,100
100,79
85,95
95,85
84,96
96,84
83,97
97,83
82,98
98,82
81,99
99,81
90,91
91,90
89,92
92,89
88,93
93,88
80,100
100,80
87,94
94,87
86,95
95,86
85,96
96,85
84,97
97,84
83,98
98,83
82,99
99,82
81,100
100,81
91,91
90,92
92,90
89,93
93,89
88,94
94,88
87,95
95,87
86,96
96,86
85,97
97,85
84,98
98,84
83,99
99,83
82,100
100,82
91,92
92,91
90,93
93,90
89,94
94,89
88,95
95,88
87,96
96,87
86,97
97,86
85,98
98,85
84,99
99,84
83,100
100,83
92,92
91,93
93,91
90,94
94,90
89,95
95,89
88,96
96,88
87,97
97,87
86,98
98,86
85,99
99,85
84,100
100,84
92,93
93,92
91,94
94,91
90,95
95,90
89,96
96,89
88,97
97,88
87,98
98,87
86,99
99,86
85,100
100,85
93,93
92,94
94,92
91,95
95,91
90,96
96,90
89,97
97,89
88,98
98,88
87,99
99,87
86,100
100,86
93,94
94,93
92,95
95,92
91,96
96,91
90,97
97,90
89,98
98,89
88,99
99,88
87,100
100,87
94,94
93,95
95,93
92,96
96,92
91,97
97,91
90,98
98,90
89,99
99,89
88,100
100,88
94,95
95,94
93,96
96,93
92,97
97,92
91,98
98,91
90,99
99,90
89,100
100,89
95,95
94,96
96,94
93,97
97,93
92,98
98,92
91,99
99,91
90,100
100,90
95,96
96,95
94,97
97,94
93,98
98,93
92,99
99,92
91,100
100,91
96,96
95,97
97,95
94,98
98,94
93,99
99,93
92,100
100,92
96,97
97,96
95,98
98,95
94,99
99,94
93,100
100,93
97,97
96,98
98,96
95,99
99,95
94,100
100,94
97,98
98,97
96,99
99,96
95,100
100,95
98,98
97,99
99,97
96,100
100,96
98,99
99,98
97,100
100,97
99,99
98,100
100,98
99,100
100,99
100,100